date,store_ID,product_ID,quantity_sold,revenue
27-5-2018,1,3,10,211
28-4-2019,2,7,0,1321
3-8-2023,2,9,9,0
12-11-2009,1,8,87,3107
24-1-2007,1,6,94,4326
2-6-2005,8,6,4,1727
10-11-2015,3,4,27,2677
10-12-2019,1,1,18,371
1-13-2010,4,4,31,az
10-10-2011,7,6,89,3328
28-4-2019,8,9,30,523
10-13-2008,5,10,65,az
23-1-2003,8,10,73,1364
27-5-2024,7,10,2,4419
13-10-2023,6,10,63,243
13-10-2006,8,6,18,441
22-11-2018,1,6,46,1923
27-1-2019,6,8,0,3330
1-3-2008,2,3,98,150
22-11-2013,4,2,100,2947
19-6-2001,2,8,86,az
29-2-2023,1,8,36,203
15-11-2024,1,7,18,440
28-13-2005,3,6,27,2571
24-7-2001,5,10,43,640
15-4-2014,8,8,65,891
,7,2,94,1857
10-8-2022,7,3,68,232
20-2-2001,8,4,74,1982
17-11-2017,1,1,28,4452
,2,9,53,547
8-4-2003,4,2,18,4922
14-5-2015,6,6,32,1744
26-2-2003,2,3,42,3759
27-12-2010,1,3,35,3509
17-6-2012,7,1,18,1039
16-11-2022,4,8,0,4172
15-9-2012,8,3,57,132
26-13-2010,5,5,36,
10-3-2007,3,5,92,945
2-6-2014,8,9,7,2969
31-1-2021,7,8,,1856
12-12-2023,4,8,101,205
7-9-2007,4,7,27,109
16-1-2022,3,1,60,2062
16-5-2020,8,9,74,1440
31-2-2011,5,10,50,4172
1-10-2005,6,6,42,3154
31-7-2001,8,2,96,992
15-10-2022,1,4,82,1765
18-11-2006,6,5,45,831
17-7-2004,5,1,60,1355
3-6-2006,4,1,24,
30-2-2011,3,9,89,1498
17-13-2017,4,2,13,az
16-11-2012,6,5,75,1575
3-6-2012,6,6,47,2670
20-1-2014,3,4,83,2699
3-10-2022,6,6,0,4200
10-8-2004,7,10,65,2188
3-13-2020,5,3,49,4903
10-13-2000,4,5,40,274
12-4-2008,7,7,,884
17-13-2018,3,8,85,286
9-2-2007,5,6,74,674
26-6-2013,5,9,40,0
,6,7,80,146
9-6-2000,7,1,20,2737
4-5-2005,2,9,95,4000
19-10-2015,5,2,67,843
12-13-2004,3,5,22,2597
24-6-2011,8,10,38,3140
8-11-2003,2,8,28,3286
8-10-2002,1,8,52,1262
4-9-2022,8,2,22,0
22-9-2022,6,3,49,4809
14-9-2022,1,7,73,az
21-11-2013,8,6,68,3335
31-2-2021,5,8,20,290
17-3-2022,5,1,6,3944
3-8-2001,6,7,34,1100
28-13-2010,8,6,0,2854
30-1-2006,5,10,,3047
,1,4,2,4358
7-4-2016,4,7,41,470
27-6-2002,6,3,94,106
18-11-2001,6,9,78,162
2-5-2001,7,5,23,1212
16-9-2018,3,2,16,4063
,5,4,74,3433
1-6-2021,7,9,10,1835
19-8-2024,6,10,69,488
22-9-2012,8,10,29,4139
29-3-2015,3,7,9,
21-9-2011,3,5,,1862
15-6-2004,5,10,59,3023
5-12-2018,7,5,75,761
8-11-2015,1,2,22,371
9-3-2016,2,1,64,3621
21-8-2014,7,4,99,248
15-3-2015,7,5,26,2213
2-4-2021,2,2,78,3693
29-11-2000,6,8,55,2483
27-3-2023,3,5,30,4012
29-12-2013,1,3,26,63
16-12-2010,6,9,75,4136
17-2-2020,6,1,26,4371
26-12-2018,3,4,35,2579
8-6-2023,5,4,89,4822
23-3-2007,5,7,74,1775
22-7-2013,8,1,92,4965
25-3-2000,6,6,0,3157
24-4-2005,4,7,77,3758
19-1-2000,2,10,18,1279
15-9-2016,7,3,58,az
7-8-2003,3,2,2,2101
12-3-2011,3,3,49,269
23-10-2003,4,4,33,1584
7-10-2004,7,7,,2027
7-9-2016,8,9,4,4699
19-6-2018,2,7,13,0
6-12-2024,4,3,68,2666
1-11-2009,4,4,41,846
10-11-2024,7,9,12,1768
9-10-2000,5,2,54,2312
7-10-2018,5,5,50,3858
30-3-2015,4,2,90,1067
16-4-2022,7,3,5,2009
,5,3,101,1459
16-11-2024,4,5,23,3186
31-4-2024,5,8,58,3450
3-13-2012,4,7,38,971
18-1-2017,8,5,0,az
26-10-2007,4,4,28,3070
24-1-2000,4,9,53,3139
10-9-2020,7,6,38,az
5-1-2000,2,4,,3236
15-13-2000,4,5,57,2308
27-4-2024,6,7,44,1650
21-9-2015,3,4,63,
15-8-2012,3,7,88,1207
21-13-2008,1,10,11,3765
9-4-2014,5,1,60,400
26-1-2014,4,5,49,828
,7,6,71,1207
12-5-2022,5,10,14,3178
22-7-2013,1,5,20,az
13-6-2009,8,6,16,3614
10-4-2020,6,10,0,az
11-4-2016,2,7,85,az
9-9-2000,1,2,62,0
7-12-2003,3,7,97,3457
26-2-2015,3,10,59,3388
20-1-2006,6,7,1,az
15-10-2018,6,6,41,437
10-7-2009,4,5,54,az
21-1-2001,8,4,83,2106
9-1-2002,1,3,87,169
17-10-2018,8,5,15,1165
,3,1,68,4394
4-2-2016,7,1,0,747
14-7-2002,5,8,61,4894
12-9-2008,1,9,71,az
10-6-2001,7,7,24,1342
26-9-2001,8,5,28,4480
6-3-2013,4,8,96,0
6-1-2005,1,2,85,4309
11-8-2020,4,9,59,4442
15-3-2001,8,1,59,4984
30-8-2011,3,1,28,2253
3-4-2007,5,1,24,2099
1-4-2002,3,10,16,2613
13-1-2018,7,10,34,4130
2-4-2007,5,7,83,1280
26-5-2021,5,2,0,4637
12-3-2009,7,7,70,2397
30-13-2005,5,10,6,1537
,7,7,63,1722
4-10-2016,7,4,58,4620
11-3-2008,4,8,9,0
7-7-2016,6,4,64,3468
22-9-2004,1,8,81,4042
13-5-2014,1,10,67,2434
13-3-2022,6,2,29,3574
30-5-2006,8,5,89,4552
,5,5,47,2257
30-6-2007,5,3,61,3612
27-4-2022,4,5,79,1856
23-5-2015,6,5,51,3723
26-13-2013,6,8,2,
8-11-2019,7,2,58,3103
3-8-2019,6,1,95,846
18-8-2005,8,6,83,4098
15-3-2016,1,10,0,az
24-10-2024,8,7,59,4353
2-13-2016,4,2,60,395
24-3-2003,8,4,26,1024
23-8-2020,3,4,15,az
12-3-2008,4,10,,1691
25-11-2016,4,10,40,1823
28-13-2007,7,2,75,1444
3-4-2015,8,1,14,4529
23-11-2003,5,7,35,1438
,2,10,8,493
6-9-2008,3,10,92,4862
3-12-2023,5,10,30,920
30-12-2005,3,6,16,4572
2-3-2017,5,5,15,3782
22-13-2002,7,9,56,4435
3-3-2013,5,8,97,1424
5-8-2004,5,8,31,2041
,8,4,11,596
13-1-2008,8,8,14,az
7-11-2010,5,9,45,2642
25-11-2001,5,1,70,3842
11-6-2015,6,10,72,
13-9-2003,1,4,,1077
17-3-2014,4,2,0,1726
28-10-2004,5,8,88,983
28-8-2006,5,9,5,102
30-7-2023,4,8,95,3321
26-5-2018,3,8,,0
30-1-2023,1,5,47,3665
27-7-2011,2,2,3,2002
29-1-2006,1,6,101,564
22-13-2000,7,1,61,935
20-4-2000,5,10,35,3063
17-10-2011,7,7,95,3756
8-6-2018,4,1,29,2048
20-11-2024,3,1,9,2918
19-12-2012,1,8,53,2127
30-7-2024,5,10,48,4744
24-3-2023,3,1,0,227
20-9-2000,6,6,63,3537
5-3-2016,4,4,26,
9-1-2021,4,7,12,1498
2-6-2024,2,3,70,253
31-12-2020,3,8,42,3175
6-2-2016,7,7,65,392
16-10-2015,5,4,40,308
4-7-2016,6,7,97,1631
7-8-2008,5,7,13,3414
27-6-2000,2,7,7,1566
8-9-2024,8,9,,az
15-6-2017,8,1,,658
4-6-2016,7,10,27,
30-6-2018,1,3,59,2520
,1,1,29,2101
24-4-2024,6,1,,459
22-2-2008,4,6,100,
4-9-2005,2,1,82,3138
28-2-2017,7,3,101,3399
4-7-2012,8,5,52,az
10-12-2012,5,7,41,2779
12-11-2013,8,9,21,4916
,2,6,,1209
25-6-2003,3,10,29,785
4-7-2021,1,8,40,0
23-10-2019,7,1,46,2592
22-1-2014,2,5,61,4448
27-8-2004,3,8,84,3625
12-10-2023,1,9,48,4550
28-11-2008,7,2,24,452
9-1-2021,7,3,0,3396
23-8-2018,4,8,19,
15-10-2015,8,1,28,3607
,2,8,51,az
2-2-2021,3,9,82,3965
25-5-2011,8,3,77,389
1-5-2001,7,1,0,4021
18-8-2013,1,4,71,2104
31-13-2014,7,9,79,az
15-1-2019,7,6,54,az
14-8-2013,6,10,59,2979
19-5-2003,3,5,76,4774
9-8-2017,1,2,,0
15-5-2010,3,1,68,681
23-2-2022,6,2,52,4158
,7,4,0,2209
14-9-2014,2,3,64,964
1-6-2008,6,10,72,3613
,8,5,68,2268
6-8-2002,2,2,24,1359
29-2-2001,5,9,58,4912
30-7-2018,4,10,15,2627
,5,8,0,271
5-3-2016,7,2,46,1986
25-11-2023,8,7,49,2654
22-9-2002,7,1,25,1940
27-9-2012,5,3,37,4567
24-11-2021,2,4,68,1418
31-12-2000,3,4,26,2791
9-11-2021,3,5,,3081
29-12-2012,3,10,17,4299
13-10-2010,5,7,61,1872
22-9-2015,2,2,55,1522
7-2-2006,5,8,28,1499
2-8-2001,6,1,5,1487
10-1-2001,3,2,,2603
9-10-2023,2,10,88,1169
12-9-2022,1,1,,0
23-8-2023,5,1,97,300
27-11-2011,8,1,26,4742
15-1-2018,8,10,11,4828
,1,3,16,az
7-12-2015,2,4,33,4912
25-4-2000,6,6,27,4977
18-5-2003,7,8,25,1579
2-5-2015,7,4,,336
9-2-2011,6,3,43,4863
14-1-2001,4,9,14,357
3-5-2009,3,8,9,4531
31-13-2017,2,3,91,1250
21-7-2000,1,3,87,1071
6-12-2022,8,5,14,4015
4-13-2021,3,6,55,4268
9-12-2018,6,2,0,4807
28-5-2002,4,4,17,478
19-9-2002,2,5,31,2546
,5,9,91,1953
26-12-2002,4,3,100,461
4-6-2012,6,9,15,az
22-1-2011,1,8,,3636
9-5-2016,2,8,24,3322
27-4-2024,3,10,71,1890
3-6-2024,4,9,25,4610
11-11-2018,1,3,40,3537
1-2-2017,1,8,,3992
5-7-2006,4,2,9,79
10-12-2011,3,6,55,3567
16-2-2011,8,7,68,4179
28-13-2006,7,10,6,969
12-12-2000,6,4,77,az
24-1-2014,5,2,43,0
9-2-2016,6,2,80,4521
,2,2,88,0
15-1-2004,1,8,3,2938
,8,5,79,2808
22-9-2017,5,5,19,3902
16-8-2000,5,9,69,1547
7-2-2013,7,2,49,1447
28-6-2006,1,3,100,2576
9-12-2015,4,4,44,4760
7-3-2012,3,3,38,3053
1-9-2009,2,5,14,1447
9-12-2014,1,5,0,4806
15-10-2018,4,8,69,2647
14-3-2019,4,9,18,3855
6-8-2019,8,7,10,3802
11-8-2001,2,1,85,0
27-3-2014,3,5,35,az
22-5-2014,4,3,94,2892
3-1-2002,5,6,13,2099
29-11-2017,7,2,18,2156
29-6-2014,3,2,50,2881
9-4-2009,7,1,55,533
20-6-2009,1,10,15,836
19-4-2014,7,7,86,2667
17-8-2014,4,1,72,4255
9-8-2006,8,1,73,3686
,1,7,15,1327
,5,2,15,
9-13-2021,1,3,37,4563
,4,6,33,3103
16-2-2020,1,10,57,0
19-3-2010,3,6,94,4927
4-7-2008,2,7,82,1698
28-13-2009,4,10,94,272
24-7-2018,4,2,91,866
12-5-2008,1,10,79,3302
23-13-2003,7,4,95,860
7-7-2005,6,3,41,0
20-1-2023,4,10,20,2209
13-10-2009,4,10,37,1141
23-8-2024,7,3,42,
25-8-2001,2,8,4,az
10-7-2018,6,2,32,2287
6-1-2013,6,2,9,2977
11-7-2024,8,1,32,2538
5-5-2003,7,8,28,686
15-10-2019,1,8,11,4607
4-6-2001,8,1,96,1490
16-5-2015,6,6,25,4477
28-12-2000,1,4,10,2896
7-11-2024,6,3,12,4914
16-5-2014,8,1,28,4264
2-4-2020,8,7,100,4015
20-5-2009,8,3,58,224
16-13-2007,7,10,22,4638
31-6-2024,6,2,17,1177
29-6-2009,4,3,0,3165
19-4-2011,1,2,67,2682
31-2-2000,8,10,26,148
11-4-2021,8,3,,1465
1-6-2017,2,7,93,423
22-6-2007,7,10,72,4863
24-6-2015,3,8,1,2553
19-4-2007,2,1,14,
26-3-2018,3,10,14,453
26-6-2000,5,8,70,2392
12-7-2019,4,9,52,2288
23-13-2003,7,10,35,0
20-6-2012,5,7,23,2705
6-2-2023,4,3,21,3827
8-1-2017,8,2,26,
12-1-2011,2,10,96,1503
1-8-2010,5,1,94,4526
15-10-2005,7,10,73,0
2-7-2007,1,9,22,3705
16-7-2000,6,5,38,741
31-11-2007,2,7,,1865
13-3-2017,1,10,75,4278
21-11-2011,5,9,,4137
29-6-2014,8,1,0,2523
15-6-2022,5,2,7,4005
18-9-2002,6,1,32,1945
1-13-2013,4,1,100,4084
19-2-2014,8,2,15,1393
9-5-2013,4,10,78,az
6-6-2005,1,1,0,4487
30-12-2003,5,2,96,3386
10-5-2006,2,1,100,2136
3-12-2008,6,6,82,1320
21-8-2023,2,9,99,3535
7-10-2018,7,3,8,3882
10-9-2000,7,9,47,2439
8-7-2021,5,5,75,2371
30-4-2022,4,7,44,4358
4-8-2018,7,6,71,1818
20-3-2005,7,8,11,1207
2-12-2006,2,6,96,2529
20-3-2000,3,1,82,2233
31-3-2008,5,8,12,1517
15-6-2000,7,4,38,254
21-8-2007,4,7,6,1295
31-1-2021,8,2,39,215
8-8-2004,3,1,87,578
7-6-2017,8,1,0,2921
16-6-2024,6,4,51,0
3-6-2000,4,9,59,3445
9-11-2008,6,8,0,1401
3-4-2008,3,9,89,1062
7-12-2017,2,9,4,3328
29-3-2022,4,1,50,1218
2-12-2013,8,3,69,3415
8-10-2002,6,10,39,1640
9-4-2014,2,8,7,0
28-4-2007,3,2,10,4388
19-3-2019,1,6,27,711
19-11-2003,5,1,80,4017
2-4-2021,3,6,70,789
23-3-2015,3,2,17,1773
,8,6,39,3200
19-3-2016,8,3,20,2075
2-7-2010,4,1,72,2771
29-8-2024,6,2,56,1362
19-5-2012,3,7,,1701
9-1-2011,4,10,0,3254
11-9-2017,5,5,50,1065
,8,10,83,2937
14-4-2021,5,5,32,2684
,4,4,94,834
28-4-2004,7,1,16,1657
21-10-2024,8,1,18,109
10-13-2014,2,8,41,1227
19-10-2013,2,1,11,1783
23-1-2016,8,8,87,327
8-2-2017,1,1,53,4968
5-13-2000,1,2,92,0
19-12-2003,1,3,60,3920
11-3-2013,5,6,,4646
19-11-2001,7,7,14,
16-4-2006,2,10,22,219
26-9-2010,4,6,77,4725
17-2-2022,3,7,23,3927
27-4-2024,1,4,,
,7,4,69,4688
11-7-2013,5,1,,1431
18-2-2022,6,5,88,3692
17-9-2001,2,4,6,3293
11-6-2009,3,10,73,0
3-3-2017,8,6,49,4490
20-8-2004,2,1,46,4550
16-3-2017,6,10,,779
16-13-2019,5,1,79,
13-4-2010,2,6,86,0
24-12-2003,3,10,92,2555
2-3-2018,7,6,94,105
4-8-2019,7,4,27,966
18-2-2021,2,7,77,1630
20-5-2002,3,4,13,1548
22-10-2005,3,7,13,1864
9-7-2022,2,4,32,1262
5-7-2016,7,2,21,1196
7-8-2007,3,5,67,4469
30-5-2009,8,3,92,2508
15-5-2018,4,4,69,3689
8-8-2012,1,10,86,2346
17-9-2012,3,9,24,4351
30-1-2003,3,7,13,3548
16-4-2007,1,5,60,1913
14-3-2015,1,6,69,3576
,3,9,35,4348
16-9-2007,2,9,30,1126
9-10-2004,5,7,86,3975
27-8-2001,5,4,70,1337
28-8-2001,3,9,81,4929
5-3-2023,6,10,60,2746
27-3-2009,1,3,98,az
15-4-2013,4,1,93,4678
18-4-2002,4,7,32,2149
16-5-2023,6,9,40,2322
19-6-2021,2,2,68,3989
10-12-2022,6,6,1,1150
11-13-2023,7,4,66,3795
29-4-2013,1,9,85,1331
15-10-2023,4,4,16,862
1-12-2014,3,4,43,3343
2-6-2015,1,10,47,1475
5-11-2009,8,3,29,2283
9-8-2018,4,4,41,1254
14-3-2012,7,4,71,3967
21-3-2020,1,4,,2120
5-7-2012,6,5,1,3539
26-4-2017,6,9,10,az
3-11-2001,6,6,97,
17-5-2022,4,9,92,1785
17-7-2018,4,5,47,az
12-10-2017,4,10,,1221
,6,9,0,1215
30-4-2019,5,4,51,0
,2,2,60,
8-6-2019,7,7,47,56
1-3-2014,6,7,71,2294
,6,9,4,0
1-11-2019,7,1,34,4599
1-6-2021,3,10,98,243
20-8-2021,2,6,96,1382
31-1-2018,6,5,95,3109
25-7-2018,8,6,86,az
12-11-2016,4,7,5,1992
27-8-2010,7,3,24,2650
13-9-2019,2,5,80,az
19-12-2008,2,5,33,2703
17-8-2023,8,1,48,4974
5-10-2001,3,2,25,1548
27-11-2005,1,7,28,675
,7,1,7,871
26-12-2024,8,6,,308
6-5-2016,7,3,4,4153
9-13-2019,5,1,36,3817
14-10-2011,2,1,25,4039
9-4-2000,6,7,,3057
10-8-2002,3,7,60,3373
29-12-2009,2,8,26,4800
20-9-2003,4,1,66,az
31-1-2018,4,4,81,1364
7-9-2023,4,3,59,2086
7-13-2006,6,3,41,4193
24-5-2021,1,6,94,4453
26-4-2010,7,3,14,4371
25-1-2011,8,2,99,2903
3-7-2002,3,10,27,873
19-7-2018,7,3,73,4321
24-6-2019,6,7,97,2155
25-10-2009,5,1,71,2466
14-8-2013,1,3,30,4099
30-2-2004,6,5,1,715
4-6-2002,8,2,82,az
25-11-2013,3,2,,239
30-6-2013,2,5,86,
11-7-2010,1,10,96,881
8-5-2007,2,6,42,659
30-2-2009,5,2,8,1432
20-7-2022,4,3,31,3327
2-7-2005,1,3,27,1468
20-1-2000,5,7,79,2371
5-5-2012,8,3,71,1943
,1,1,94,4777
12-9-2023,7,10,54,1083
17-11-2012,5,6,,
6-2-2007,3,10,37,3090
,8,2,68,2816
18-5-2022,1,5,74,2038
15-8-2001,2,7,76,732
8-6-2009,1,3,67,535
,6,2,19,1996
6-13-2024,7,1,3,4775
4-13-2005,5,9,96,2184
20-9-2017,2,5,74,153
,1,4,64,3531
26-11-2001,3,5,41,1285
22-13-2021,5,8,35,4552
27-9-2009,1,1,68,2031
20-10-2020,3,7,,2212
14-5-2000,6,7,80,4381
12-4-2015,2,5,11,3116
27-9-2014,6,6,47,2010
8-4-2021,7,2,18,4278
13-5-2011,8,4,22,3970
14-2-2006,2,6,54,3848
13-9-2007,6,5,20,
14-7-2006,8,7,69,3419
20-3-2014,3,3,5,3284
22-3-2018,6,4,36,4562
29-6-2017,6,3,62,3977
16-12-2022,3,9,100,az
9-11-2018,8,5,37,0
25-2-2003,6,1,18,1899
3-4-2005,6,9,36,1740
19-9-2002,4,4,63,4295
18-4-2014,6,7,52,1378
13-1-2023,2,3,18,4298
20-12-2022,3,5,7,2936
25-5-2016,5,9,52,109
22-1-2002,6,9,50,2150
14-10-2012,4,2,35,3948
16-8-2020,7,5,86,3804
24-6-2004,3,4,27,4490
,4,7,36,4069
28-4-2023,4,3,37,4770
18-7-2023,5,10,9,1819
5-13-2011,6,7,85,818
1-7-2012,6,6,0,3402
5-1-2021,2,6,3,3526
23-12-2019,6,4,27,4097
4-2-2011,7,7,18,944
11-6-2011,7,1,87,az
2-6-2022,7,2,64,az
12-6-2022,4,8,93,1122
7-11-2022,4,6,68,1591
29-6-2011,6,5,34,1990
14-5-2005,7,2,101,767
29-12-2010,3,2,80,900
8-2-2024,2,6,38,3751
26-11-2023,5,1,42,836
,3,7,36,208
21-8-2012,8,7,22,509
28-6-2014,2,3,69,
20-13-2021,3,8,,az
3-11-2002,1,8,0,0
25-13-2003,8,1,47,1785
27-12-2024,3,6,76,4977
13-7-2010,8,1,89,1702
14-12-2022,3,7,40,
3-3-2023,1,4,45,2671
12-10-2006,1,6,45,3302
30-2-2024,2,4,3,2230
19-9-2021,4,10,70,969
27-1-2021,5,4,52,1712
12-6-2019,4,10,94,az
28-1-2006,3,10,83,2551
16-8-2018,3,3,66,4015
26-3-2013,5,10,23,3716
1-3-2006,3,4,65,1324
19-9-2020,4,7,95,3876
22-10-2004,8,8,45,4642
25-4-2004,8,6,56,2383
9-8-2001,4,5,30,3375
19-6-2007,2,8,81,3487
15-4-2010,4,3,73,3323
6-4-2007,5,7,29,4366
30-3-2000,4,1,85,2268
4-2-2012,7,4,11,790
27-6-2009,6,2,64,3404
8-10-2018,1,10,90,89
17-9-2021,6,1,30,2203
15-8-2017,4,5,37,4396
20-5-2017,2,6,7,4216
19-2-2000,8,9,75,2740
12-1-2001,2,3,0,3958
20-5-2016,1,1,31,0
14-6-2012,3,6,49,az
31-5-2016,6,5,5,
27-3-2001,3,8,37,2069
,2,3,17,1323
17-5-2012,6,8,30,408
25-9-2006,5,5,3,3251
31-3-2004,1,3,95,1113
18-13-2007,4,5,10,0
26-13-2015,2,9,40,3729
22-8-2003,6,1,46,701
22-3-2010,6,6,78,2455
15-6-2018,4,7,47,187
2-5-2012,1,1,13,1488
3-11-2024,8,5,78,2928
8-11-2023,2,4,69,
5-3-2012,3,10,51,531
31-7-2012,7,2,51,4902
1-2-2014,3,6,,3827
9-8-2017,7,3,17,2874
11-3-2016,2,7,64,166
,8,5,49,407
28-6-2010,3,10,48,2569
4-11-2015,8,2,92,3805
27-2-2018,3,9,,2331
13-1-2021,6,3,19,3388
22-3-2024,4,7,72,795
11-10-2004,5,5,84,2038
22-7-2017,8,9,59,2091
10-1-2018,8,3,96,3268
13-7-2012,1,3,27,3705
16-1-2008,4,8,61,1909
29-11-2017,1,1,35,607
10-9-2015,1,1,,1200
27-5-2003,5,7,0,
8-9-2020,1,5,59,2646
10-7-2003,5,9,11,2106
,2,6,49,337
5-10-2022,4,1,30,0
12-9-2024,2,9,72,4377
5-5-2022,1,7,40,3966
18-6-2020,1,5,30,626
4-11-2005,6,9,2,
8-6-2000,5,4,38,2460
8-9-2007,1,6,80,3426
9-11-2000,8,2,44,3881
29-2-2014,3,3,58,3822
4-2-2002,1,10,88,2185
13-1-2022,5,5,96,4448
31-1-2008,1,7,36,3095
,6,5,73,2486
26-3-2004,4,6,23,2362
1-8-2001,8,10,42,4663
,5,4,17,2908
7-2-2018,1,4,46,601
5-3-2006,2,10,24,2244
9-11-2022,8,8,73,
16-13-2022,1,2,45,
7-12-2009,6,7,11,535
6-10-2002,3,7,77,3763
29-9-2003,4,10,28,0
20-11-2023,7,7,31,3625
14-12-2009,3,8,88,4470
4-12-2019,1,5,77,2063
21-13-2004,4,9,11,2156
,5,3,13,3191
8-7-2009,6,5,99,3273
2-10-2011,2,3,8,2803
25-4-2001,1,1,16,559
9-11-2002,6,4,63,4022
1-9-2021,7,9,63,4156
5-1-2020,7,10,27,4861
12-12-2000,4,5,37,257
13-10-2011,2,1,69,2624
3-5-2003,2,10,96,725
20-9-2023,4,8,80,1759
3-13-2008,3,6,98,3786
10-5-2008,1,4,13,2258
31-13-2000,2,9,3,2899
8-3-2008,7,4,19,0
11-11-2017,6,10,26,2227
11-9-2014,6,5,84,2517
2-9-2012,6,1,19,
,6,1,56,4507
,1,1,24,4219
23-10-2013,8,7,24,4850
2-9-2019,1,8,18,
19-9-2000,5,7,51,1379
27-10-2023,4,5,76,az
17-12-2020,8,5,42,3511
26-13-2011,6,6,3,3294
19-12-2010,4,5,98,290
7-5-2010,4,3,56,4465
22-1-2016,7,10,77,3619
5-8-2006,3,6,87,
26-1-2017,5,9,73,0
14-11-2015,2,6,97,1077
17-1-2013,7,5,88,3683
16-4-2013,1,9,68,3375
4-10-2015,6,9,68,355
12-5-2013,5,5,45,4955
12-7-2013,7,3,20,3659
10-12-2000,4,10,33,577
11-7-2020,5,7,53,1274
31-13-2024,8,3,,2689
3-8-2011,4,3,6,1626
23-8-2005,2,4,0,3448
7-2-2018,4,3,66,3842
,7,8,0,3328
6-4-2009,8,4,24,4491
6-11-2019,6,4,43,4659
22-10-2018,3,4,54,3214
,7,9,25,2176
14-12-2022,6,7,88,
3-4-2000,5,7,82,az
25-10-2012,5,2,54,4335
12-4-2021,2,4,75,4549
17-3-2023,7,9,89,4872
22-11-2003,6,1,2,3805
22-9-2018,8,6,0,2397
27-5-2021,6,8,74,0
28-3-2002,5,1,86,
13-4-2003,2,9,99,2601
6-12-2024,7,6,99,2141
23-8-2011,5,5,84,0
,5,4,,1964
31-5-2012,6,3,98,1797
5-6-2002,4,6,56,280
29-3-2001,8,2,78,
,1,7,82,2804
30-5-2019,3,8,88,4779
4-8-2007,2,10,26,4738
27-7-2017,2,6,14,202
28-13-2008,1,3,42,3307
8-3-2013,8,8,65,1291
24-8-2007,1,3,33,1074
8-9-2004,2,3,26,4077
25-4-2014,8,9,14,4884
16-7-2018,3,10,80,1886
27-8-2020,5,7,48,3370
16-2-2014,7,7,93,4204
9-5-2010,5,2,27,4325
28-10-2011,7,9,43,2437
21-3-2014,2,7,72,2794
27-1-2022,1,3,63,2897
6-8-2020,6,3,87,3028
29-12-2022,7,5,64,3493
20-13-2002,8,6,16,887
16-11-2004,3,1,4,2166
3-12-2010,6,1,6,435
26-5-2019,5,7,0,679
28-6-2000,1,2,77,679
,8,5,34,
8-1-2020,4,9,49,4535
29-13-2022,1,4,,3958
11-7-2012,6,4,86,4075
24-4-2010,2,6,89,az
27-6-2023,2,5,94,3205
3-6-2007,8,3,67,830
22-12-2021,8,3,0,707
7-8-2000,7,4,16,3680
31-5-2023,1,3,44,az
17-9-2017,3,7,,625
19-3-2002,2,6,85,3074
11-4-2013,8,4,24,2611
16-9-2003,5,10,19,952
9-8-2008,1,10,43,0
1-8-2014,2,2,40,az
11-7-2017,8,3,,1774
,1,5,8,1684
29-9-2011,6,9,80,1981
26-2-2024,8,1,47,854
31-9-2023,5,10,97,2362
31-7-2007,7,5,59,287
,8,8,65,1277
16-8-2013,4,7,27,2016
15-4-2020,3,9,4,
13-7-2014,1,1,7,3727
24-1-2002,7,1,80,1748
4-1-2000,8,2,34,341
18-6-2002,3,7,88,3563
28-3-2006,3,8,65,3487
19-10-2008,1,3,11,4882
12-8-2007,3,3,91,4502
24-5-2024,6,6,85,2403
11-6-2005,2,3,94,1190
2-4-2014,8,3,82,3704
12-9-2018,6,6,38,1526
11-2-2002,3,10,4,73
2-5-2018,3,5,22,2207
28-9-2016,3,8,101,4803
14-1-2019,4,2,63,1229
16-11-2008,3,5,50,3754
17-1-2018,6,2,14,4612
9-11-2023,5,1,79,3780
1-9-2013,5,8,63,161
9-7-2018,8,4,46,3335
10-2-2005,8,7,1,1521
20-12-2012,7,7,88,1085
12-5-2013,6,6,55,
12-4-2018,6,10,79,3029
4-10-2020,5,4,19,3866
19-6-2018,4,8,46,2329
7-7-2022,3,10,57,4767
17-6-2011,6,6,46,1663
5-2-2020,1,1,0,
,6,1,95,2663
21-3-2001,5,6,41,az
15-13-2015,6,5,52,
19-5-2001,1,10,85,1302
15-4-2013,8,8,19,3228
19-4-2013,5,10,23,2039
17-7-2022,7,1,,904
25-4-2020,6,2,76,1290
2-6-2003,6,10,1,2819
19-2-2012,5,3,0,1752
3-5-2016,4,7,53,4017
12-8-2010,4,9,6,4124
20-9-2018,7,8,93,
13-11-2010,3,7,37,765
,7,9,13,3843
30-11-2000,7,2,26,3690
11-8-2014,4,6,63,4057
13-4-2014,2,7,39,963
18-10-2017,4,1,54,118
9-13-2005,5,8,98,546
26-10-2010,6,4,54,1448
6-9-2017,5,3,33,2466
22-3-2014,5,8,83,2339
3-7-2004,6,2,48,3982
26-6-2004,7,5,35,4810
29-1-2024,3,8,62,az
22-2-2022,4,1,80,93
16-7-2020,7,7,0,3897
30-12-2020,5,10,85,
,5,1,66,4389
14-8-2020,1,6,45,321
7-5-2020,3,9,69,1156
,4,1,79,2322
14-7-2008,2,5,84,831
29-2-2004,3,1,44,457
11-10-2009,8,6,36,2890
23-9-2014,8,4,22,4165
9-4-2012,4,3,42,2182
23-8-2007,1,10,46,2441
27-9-2021,5,2,90,
7-7-2008,3,7,56,1227
15-5-2019,3,3,66,az
22-13-2020,2,8,2,282
26-8-2009,1,2,4,2528
2-12-2008,5,9,85,1935
30-10-2013,7,7,71,1491
,5,1,96,818
9-6-2001,2,4,58,141
,3,5,11,2525
11-1-2002,1,4,63,1624
30-10-2017,3,3,,206
2-3-2009,2,7,75,0
4-5-2016,8,8,42,2210
29-13-2017,8,8,0,3639
13-8-2014,3,5,61,3450
11-5-2007,5,10,2,2346
7-12-2007,8,3,68,1851
29-8-2013,6,9,28,az
18-8-2006,4,9,94,3300
25-13-2023,5,6,16,1806
12-5-2007,8,2,31,132
16-11-2022,3,8,44,3699
19-12-2007,1,3,90,741
22-8-2023,5,9,1,3716
24-5-2024,3,9,96,1253
10-11-2008,1,3,14,
21-5-2023,7,2,62,1442
27-13-2012,6,2,71,
17-5-2023,5,6,42,1084
29-13-2004,8,4,42,2551
3-13-2013,8,3,68,3147
8-12-2006,2,2,36,1401
2-11-2006,3,5,90,202
7-10-2010,1,5,97,4539
21-3-2005,6,1,0,217
6-4-2013,4,3,27,901
26-2-2016,1,9,84,3861
27-13-2000,2,9,68,4601
19-5-2023,3,2,100,2012
13-2-2000,2,5,92,515
19-11-2001,6,8,19,1898
14-11-2010,6,10,80,592
25-13-2010,8,4,55,0
18-4-2006,7,3,23,2994
28-4-2001,6,8,79,749
14-13-2007,6,7,15,3090
4-9-2021,4,5,86,0
23-1-2019,6,9,76,4263
30-11-2011,5,2,97,746
10-2-2008,7,5,64,4383
10-6-2005,5,6,58,408
9-8-2024,5,4,87,3639
8-5-2009,6,6,68,2447
19-6-2007,5,1,,1620
10-10-2001,5,10,37,0
27-8-2007,8,7,51,4292
17-2-2001,6,9,23,4912
3-3-2020,6,8,56,3751
,6,1,64,4436
,7,7,49,2130
19-5-2015,2,7,38,az
13-11-2024,7,8,69,3574
28-3-2017,3,2,38,4589
21-1-2002,8,9,52,586
6-5-2021,5,2,32,4949
,4,4,82,
4-8-2013,6,4,20,2467
3-5-2020,8,9,80,1202
13-5-2015,1,9,95,2166
25-12-2006,8,7,28,2682
30-2-2023,6,3,34,3997
15-2-2000,3,6,33,946
14-9-2022,5,10,58,3222
2-12-2005,7,1,59,3868
5-12-2015,8,7,72,4863
9-11-2008,7,2,34,4649
4-3-2012,7,1,89,2722
6-13-2019,2,2,0,0
,1,7,81,1291
28-10-2001,6,6,8,633
14-4-2023,7,4,36,1621
11-13-2007,8,9,75,4040
6-11-2020,3,3,0,444
21-2-2024,1,2,0,4999
31-12-2006,3,7,3,2575
14-1-2018,2,1,7,az
14-6-2009,1,1,0,1087
17-12-2014,1,4,53,1638
4-7-2024,4,8,22,3552
30-2-2008,1,10,39,4560
8-4-2011,6,7,55,1036
31-2-2012,5,6,32,884
30-6-2016,8,6,,1386
21-12-2018,3,3,55,3537
30-13-2013,2,9,5,4783
28-7-2006,3,8,70,4030
13-9-2022,7,6,65,950
24-5-2001,4,1,54,4742
4-8-2024,5,1,9,4769
11-5-2006,6,3,82,94
27-12-2013,7,5,2,1089
5-10-2004,4,7,98,0
10-4-2017,4,4,0,110
29-10-2009,5,6,67,4807
26-7-2023,7,1,31,438
10-4-2020,7,4,9,4179
8-7-2001,6,6,13,az
7-6-2005,2,10,11,1303
18-2-2011,6,9,88,3168
24-3-2005,2,10,14,
9-13-2009,6,9,6,2379
25-3-2013,8,1,40,4571
12-9-2006,5,8,79,1887
10-9-2000,3,2,75,az
3-6-2004,5,4,43,2943
20-12-2024,3,5,83,4537
21-8-2019,1,4,99,3012
16-8-2004,6,2,9,4710
5-13-2021,2,5,40,az
25-6-2023,8,3,59,959
16-12-2016,8,4,99,548
26-1-2021,8,4,0,4230
19-2-2021,2,1,,
28-3-2010,5,4,82,494
10-3-2016,5,3,97,2583
23-8-2022,5,8,4,2580
22-1-2024,1,7,0,2586
1-10-2019,1,3,12,2776
11-10-2002,6,2,25,3503
29-5-2024,3,10,53,3830
7-8-2011,6,6,88,296
27-3-2021,6,9,87,2366
22-1-2018,3,9,47,
,1,7,56,1155
6-6-2021,3,2,,835
11-2-2005,8,2,90,3873
5-12-2003,8,1,79,
11-4-2010,1,10,0,4872
19-12-2001,5,1,15,1471
23-8-2002,8,5,87,3070
13-1-2004,2,9,30,947
14-9-2009,1,3,86,3942
24-1-2024,8,7,19,95
14-8-2015,8,6,89,99
,8,5,10,4278
12-7-2001,8,1,61,
28-4-2006,5,3,54,3102
7-7-2024,1,7,39,
10-7-2010,8,9,95,3029
16-12-2004,7,7,5,0
5-12-2010,2,3,97,2249
,5,2,31,4567
24-4-2015,5,3,70,
16-1-2007,6,2,21,az
27-4-2000,4,6,20,1642
1-13-2022,4,5,86,451
26-4-2021,5,3,94,4335
4-5-2007,1,2,85,3010
28-13-2002,4,3,59,4548
18-9-2007,1,2,23,1519
14-4-2002,5,9,,4545
10-7-2003,5,4,58,4512
28-8-2010,8,4,82,az
21-2-2003,7,2,83,0
30-13-2000,8,10,53,3938
30-6-2011,6,6,71,0
7-6-2015,3,8,16,3237
,7,5,77,742
29-13-2009,8,7,90,299
27-1-2008,8,2,78,3161
16-4-2024,3,9,,4669
23-6-2003,2,4,57,1004
24-2-2016,6,5,0,2091
30-2-2016,6,10,77,1035
5-13-2022,6,10,77,4380
,7,9,4,2166
15-12-2000,2,1,18,1921
29-11-2018,4,3,63,az
,5,9,,325
31-8-2010,3,8,51,4677
5-11-2002,3,3,100,2059
25-5-2008,4,1,53,
30-11-2007,8,7,0,4101
3-11-2008,8,5,23,4289
10-10-2002,2,3,74,3939
24-4-2008,1,5,23,1375
4-3-2016,6,5,43,az
22-12-2018,2,7,28,2858
3-7-2020,7,7,64,251
11-7-2017,5,6,49,2368
11-13-2012,5,6,57,3412
5-9-2006,2,6,10,3595
16-6-2021,5,3,76,904
6-8-2019,1,9,0,4835
7-10-2001,5,7,94,
18-1-2019,5,7,64,753
29-7-2017,4,6,43,1469
4-5-2002,4,10,83,3121
17-11-2001,3,9,89,1392
29-11-2023,3,1,69,az
2-9-2003,3,3,68,2108
10-1-2007,5,2,27,3131
11-11-2000,8,7,0,4863
13-3-2004,4,2,2,
25-11-2005,4,5,3,3068
16-3-2005,7,3,97,3570
19-8-2011,7,7,55,2550
13-4-2007,6,8,48,548
17-11-2005,1,7,92,
22-2-2011,8,2,22,4366
10-8-2024,4,4,11,4992
17-5-2006,4,10,0,az
25-12-2001,1,8,52,
29-5-2024,3,8,1,2311
,4,10,88,592
29-7-2001,5,2,63,
22-11-2018,5,10,0,553
23-5-2004,4,8,49,3311
12-5-2024,6,6,,2663
6-12-2016,4,6,3,2880
13-8-2018,2,3,73,3136
8-8-2005,8,3,81,1172
20-6-2002,5,4,,2941
13-7-2022,2,7,37,1066
6-10-2013,8,6,53,1893
8-5-2003,8,4,85,117
23-5-2013,8,3,44,1831
31-4-2023,1,4,7,148
8-8-2021,2,6,0,3802
1-8-2010,2,7,68,4658
14-5-2007,7,3,46,4219
4-7-2003,2,9,0,0
5-5-2020,8,8,16,4768
16-3-2005,4,6,72,4800
25-4-2018,8,8,28,340
24-10-2007,5,5,99,2230
18-9-2017,8,10,59,4453
15-3-2022,2,6,8,4887
17-5-2000,8,7,30,az
27-5-2014,1,2,14,
6-1-2016,4,6,91,4702
2-11-2000,8,7,0,2718
4-7-2008,6,2,55,1431
11-6-2021,5,3,34,2896
7-12-2017,6,10,21,412
,1,6,69,
28-8-2020,2,5,94,2564
22-5-2003,8,3,3,3720
13-8-2017,7,10,62,4090
20-12-2001,5,6,78,3417
29-5-2009,2,7,33,az
9-7-2020,7,7,29,1345
12-1-2006,8,5,63,244
11-7-2014,6,10,77,2613
10-12-2000,6,10,15,1338
21-1-2021,4,4,0,1293
15-1-2000,7,3,65,1483
15-5-2018,4,1,0,2881
11-1-2005,7,2,81,
2-12-2023,3,1,17,4020
16-8-2020,6,4,101,3579
30-4-2017,4,7,30,3108
8-8-2016,6,9,,1910
17-4-2024,6,1,2,2105
13-1-2012,2,1,21,3345
,7,2,100,686
14-2-2007,4,6,0,az
21-1-2019,3,2,72,2930
24-2-2016,8,2,87,2064
17-9-2008,2,4,53,2380
8-10-2024,3,10,53,3806
,7,8,,4923
23-1-2014,3,3,11,2002
19-6-2002,7,10,12,3484
27-7-2021,3,1,77,4495
18-8-2004,8,2,17,4074
11-1-2007,3,9,38,209
13-4-2015,4,9,96,2205
27-8-2002,2,1,83,4960
,8,3,9,1678
13-6-2014,7,10,20,2468
9-2-2010,6,5,36,3236
3-3-2002,5,4,34,866
15-11-2003,6,5,100,1292
14-12-2018,7,4,98,3037
19-7-2008,7,2,50,
2-3-2018,4,1,54,671
4-8-2010,1,2,56,1532
26-5-2021,1,5,78,1408
1-8-2003,1,8,10,4730
30-13-2002,5,9,94,3107
11-13-2005,7,8,65,3116
8-13-2001,7,6,53,3810
31-10-2009,4,4,8,937
31-10-2001,7,6,33,3364
19-5-2007,3,2,0,2586
5-5-2009,7,2,85,3589
13-5-2009,2,3,59,3362
10-8-2020,4,1,30,558
20-7-2002,1,3,78,2894
,7,1,100,424
9-5-2021,4,3,93,2836
16-11-2015,3,4,72,1720
26-10-2001,5,10,88,az
13-5-2003,5,3,101,3830
30-2-2001,1,4,,3231
1-12-2002,1,5,48,2388
9-10-2006,8,7,36,1972
30-7-2001,5,10,53,4499
22-6-2004,5,10,28,
17-4-2003,6,5,51,1444
20-13-2007,8,3,36,0
23-2-2001,7,9,84,300
15-13-2013,1,5,95,1328
1-8-2000,2,7,10,0
5-7-2001,5,8,71,
6-7-2003,6,4,0,az
20-10-2003,1,10,,4891
17-4-2024,7,4,28,59
18-3-2012,5,1,76,4728
8-5-2009,5,9,82,1119
23-7-2021,3,1,7,352
20-2-2007,8,1,0,477
21-7-2019,8,7,26,3589
13-4-2002,4,8,34,4560
3-8-2019,8,1,17,4279
1-8-2017,7,9,99,
1-8-2011,2,5,47,587
16-8-2021,4,4,4,1126
27-8-2023,6,5,14,1760
15-7-2024,3,1,0,2447
23-13-2018,8,2,5,853
,8,5,10,4087
7-1-2008,7,4,70,1181
11-3-2011,5,4,35,3979
2-3-2010,5,5,16,2729
24-4-2011,3,10,18,3666
9-11-2010,3,4,101,az
22-3-2001,3,2,0,985
13-10-2005,6,1,61,3566
25-13-2013,3,4,98,4409
6-10-2022,5,7,68,4150
29-2-2008,5,1,0,0
7-13-2001,8,2,,1146
6-3-2017,8,2,100,2152
4-12-2018,7,9,18,97
12-1-2008,3,1,59,4234
1-3-2001,4,3,47,4904
22-4-2014,5,3,49,0
3-13-2020,7,8,3,794
22-5-2007,2,8,8,4920
25-4-2010,4,1,5,229
19-6-2012,6,6,13,2484
19-7-2011,3,3,90,0
23-8-2007,7,7,28,2502
26-8-2014,3,9,78,3319
29-8-2015,3,9,93,4060
27-11-2020,2,6,49,2932
28-8-2019,3,6,14,3829
25-11-2023,2,3,25,103
,7,7,43,0
13-7-2012,5,9,26,1741
26-1-2017,5,7,24,3300
18-2-2003,5,7,65,237
31-13-2015,7,5,82,3958
24-6-2007,5,8,61,3324
16-12-2006,2,7,100,
9-4-2003,7,10,61,4426
29-3-2009,4,3,47,1871
7-9-2002,4,7,84,0
,2,5,21,2416
13-5-2010,5,1,81,343
7-9-2022,2,10,97,2343
22-6-2016,6,2,16,660
16-7-2014,7,7,86,4892
7-10-2022,1,6,75,
15-1-2024,7,2,71,az
2-12-2008,1,7,30,4283
10-2-2019,4,7,0,456
8-1-2005,5,6,,4791
9-6-2006,6,8,31,2021
23-1-2000,1,2,28,
5-7-2013,8,4,16,3910
15-2-2002,6,1,14,
19-3-2014,2,7,81,3164
30-4-2012,1,4,0,4531
23-12-2019,5,3,55,2291
24-1-2009,6,5,0,4479
4-9-2005,3,8,8,300
10-12-2001,5,2,47,3834
23-9-2009,7,4,,1945
,5,10,44,3836
1-4-2023,5,5,101,4695
20-10-2015,8,4,72,4758
12-3-2004,2,5,19,2848
29-9-2017,3,1,13,4143
30-5-2015,6,5,60,0
11-2-2013,1,4,2,1280
4-7-2010,2,10,96,4912
22-5-2005,7,5,44,1441
17-6-2004,8,9,69,4890
15-7-2023,2,3,81,2620
18-1-2004,4,3,101,4872
14-3-2009,2,10,24,844
12-3-2000,1,7,71,
23-4-2001,5,9,76,1881
28-6-2000,8,8,0,199
21-8-2001,2,3,30,4457
7-6-2007,2,4,0,2957
,1,9,12,1120
25-8-2009,3,7,67,3767
29-4-2009,2,3,64,4968
8-5-2017,3,10,51,3588
26-12-2017,2,6,87,4871
15-1-2009,8,9,91,2820
,1,5,43,1665
8-3-2022,4,6,6,0
28-10-2005,7,8,89,1266
18-3-2011,6,2,18,3756
10-9-2018,5,5,97,1698
9-1-2022,6,5,43,4578
26-9-2004,6,5,16,2682
2-5-2007,8,2,9,1831
9-9-2022,4,10,27,
15-9-2023,4,7,67,865
28-4-2010,5,8,67,0
15-4-2019,5,9,67,2740
8-8-2011,3,5,86,336
29-9-2020,4,2,23,0
26-10-2001,4,6,56,2728
1-1-2001,4,1,34,4018
,1,3,28,4052
12-8-2000,4,4,101,az
,3,9,57,0
18-4-2005,5,5,73,
5-8-2007,4,5,35,3859
16-3-2012,2,7,44,
11-3-2008,5,10,0,4085
26-2-2002,2,5,40,283
16-7-2012,7,5,0,1560
7-10-2006,4,2,71,0
8-11-2005,5,8,15,4205
30-8-2021,5,10,49,4751
1-6-2023,2,5,18,3656
6-7-2005,7,2,95,763
22-4-2009,8,1,28,2982
20-11-2016,2,6,48,4540
26-8-2004,2,1,,
18-11-2023,1,5,20,1282
22-5-2015,6,9,,az
19-3-2011,7,3,21,856
18-6-2012,1,6,74,3886
,8,10,0,2589
19-3-2004,3,8,75,689
9-11-2019,3,9,15,3467
20-13-2002,1,3,8,1295
22-1-2008,6,1,2,690
20-13-2002,7,2,0,3285
13-8-2014,4,2,49,az
10-10-2020,8,9,40,0
23-2-2001,5,2,,3481
8-11-2016,5,4,72,2075
6-1-2022,1,8,15,3305
13-12-2019,3,7,56,2408
23-5-2005,8,3,87,3523
24-4-2023,3,8,,2054
21-1-2017,6,9,9,az
13-13-2016,2,7,0,2910
14-3-2024,5,1,39,2986
7-4-2002,5,3,98,2746
,8,3,94,2410
16-12-2007,1,9,,4055
13-12-2018,5,10,0,257
22-9-2001,6,3,93,358
10-1-2012,8,3,3,4779
19-4-2016,3,3,,1713
16-6-2011,1,7,80,2292
6-9-2007,3,6,74,1536
29-3-2024,6,6,49,390
20-10-2004,2,3,86,1694
,6,5,71,az
2-4-2010,8,3,9,2267
8-13-2006,4,8,15,2034
20-7-2005,8,1,48,733
23-2-2012,5,8,96,
31-3-2022,2,9,68,603
9-5-2008,8,1,77,1822
28-8-2023,4,5,80,3489
22-8-2001,7,7,71,3607
8-5-2009,1,7,93,3771
3-10-2019,6,2,39,300
19-6-2013,4,7,62,796
,8,3,53,4024
,2,2,60,2172
27-1-2011,3,7,33,626
,4,7,98,4540
13-4-2010,7,3,55,4896
19-10-2003,4,5,56,1949
27-8-2007,8,8,53,4269
9-3-2006,4,2,63,3190
26-8-2010,8,10,0,4604
31-13-2020,5,1,0,2660
3-4-2018,5,8,58,
14-6-2021,8,10,27,3384
1-9-2019,2,10,59,172
19-4-2004,8,10,,4664
24-7-2015,4,1,101,1154
9-9-2014,1,7,34,3372
26-4-2004,1,4,75,2339
,6,8,72,
5-1-2021,4,6,42,4174
,7,8,94,az
10-12-2004,3,7,96,3585
15-2-2019,7,2,0,2700
15-11-2005,2,4,77,1298
7-11-2008,4,6,97,4328
22-7-2006,6,4,14,711
21-6-2023,8,10,65,2189
15-2-2004,7,9,4,4522
13-3-2015,6,8,60,356
13-5-2024,5,5,11,4519
4-1-2001,6,8,81,863
4-8-2011,5,3,83,3303
10-8-2003,8,5,32,53
11-12-2015,4,3,23,3318
25-7-2010,1,1,20,0
24-10-2004,2,2,57,453
29-1-2014,2,7,75,1942
10-10-2023,1,5,81,4761
24-1-2005,6,10,67,2869
20-13-2009,1,5,0,1615
5-9-2011,6,1,97,2768
19-11-2010,1,3,12,1357
2-3-2002,6,1,92,4118
21-7-2016,5,9,39,211
12-2-2005,7,1,0,1220
,2,4,94,4624
21-1-2003,3,6,37,2347
29-3-2019,6,8,1,978
3-1-2022,3,5,46,785
10-5-2019,6,2,60,2058
31-5-2020,7,9,87,978
,4,1,76,2962
4-13-2018,4,6,44,3071
16-4-2010,4,9,2,4251
30-2-2019,7,10,12,2565
14-7-2012,8,6,,2925
11-10-2016,4,1,82,3382
12-7-2002,6,1,99,3530
12-10-2016,3,5,11,1206
13-11-2010,7,4,57,2532
20-2-2013,1,5,12,2273
8-11-2023,1,9,55,4433
17-7-2004,6,9,15,4628
31-10-2014,4,2,23,0
8-1-2013,4,4,6,4840
2-3-2010,5,1,29,4027
7-10-2023,2,5,0,2203
12-6-2024,6,3,66,0
7-13-2002,1,5,,4012
26-12-2013,7,6,100,1858
23-8-2009,8,9,64,az
23-1-2013,8,10,49,294
4-10-2004,8,10,5,2687
23-10-2019,5,5,,0
30-2-2019,2,10,57,2011
2-7-2009,8,9,90,3540
2-4-2016,7,3,33,1928
12-13-2019,7,1,9,911
9-5-2015,8,3,10,2152
22-12-2015,3,3,85,247
1-9-2012,8,2,64,0
14-8-2019,6,1,95,2883
27-12-2002,8,2,25,2541
6-7-2011,1,5,35,1613
,4,10,65,2291
7-5-2016,8,4,60,99
30-2-2013,3,4,41,1349
24-6-2007,4,7,2,az
21-9-2015,8,3,25,4213
,3,8,10,660
25-13-2009,7,7,65,4955
26-7-2017,1,3,12,4461
29-10-2006,3,10,85,0
,7,6,94,3605
27-13-2013,3,6,65,4882
21-4-2019,5,8,39,3798
2-13-2022,3,10,85,1244
2-5-2022,8,7,93,699
14-13-2011,2,6,39,2878
14-13-2001,8,6,21,2747
2-3-2009,6,7,80,4334
19-3-2009,3,2,41,1644
28-1-2002,4,9,21,1498
7-5-2020,3,2,1,4159
12-4-2007,1,8,61,371
29-4-2000,4,2,85,972
6-12-2013,8,7,48,3383
4-2-2015,2,8,16,715
5-13-2022,6,7,26,2804
19-9-2017,3,7,,204
17-6-2004,8,6,98,0
21-7-2003,2,3,,4571
20-11-2012,8,7,32,3374
13-3-2020,4,1,87,1980
29-2-2010,5,8,0,612
8-1-2005,4,5,15,az
7-1-2014,6,10,38,2821
8-4-2024,2,4,76,2671
15-6-2007,3,7,63,az
1-1-2011,6,6,0,2261
4-9-2002,3,8,11,3623
28-7-2002,2,1,57,az
19-9-2013,6,2,,687
7-13-2000,6,8,,59
21-9-2006,2,2,45,2614
31-3-2004,6,5,27,626
17-9-2011,3,4,83,1657
25-10-2015,1,7,41,1325
17-1-2009,4,10,7,279
15-1-2019,6,1,56,747
15-2-2003,4,6,26,3086
8-11-2016,7,8,97,4194
28-9-2001,1,9,65,2470
24-13-2014,3,3,39,0
23-5-2015,6,3,83,3143
21-7-2013,2,2,31,3955
29-6-2007,5,5,83,1454
23-13-2019,7,5,41,0
31-4-2020,4,2,96,4896
25-13-2021,2,4,97,
17-13-2003,1,10,22,az
20-8-2021,1,7,6,3249
27-11-2024,8,3,50,3182
8-11-2013,7,5,21,3300
7-7-2012,7,9,66,
18-5-2008,5,7,54,az
18-4-2005,1,8,34,169
2-9-2006,5,8,0,624
6-10-2016,1,9,27,4526
17-4-2010,3,10,52,825
17-2-2006,7,5,56,698
14-3-2013,8,4,44,2484
23-4-2000,1,8,50,4783
30-10-2000,1,8,42,732
17-1-2015,1,8,59,4388
3-2-2023,5,7,93,2185
3-10-2023,4,3,79,3826
9-1-2007,6,6,31,2590
5-12-2001,8,7,15,4319
10-3-2010,8,7,67,4980
10-7-2017,3,3,37,3137
2-8-2002,5,5,12,4170
30-3-2002,5,5,56,2430
,3,5,47,3175
3-11-2023,3,5,79,3530
31-12-2011,6,4,53,1414
3-13-2015,8,2,96,993
7-5-2015,3,4,32,1710
22-3-2009,3,4,9,2248
3-4-2010,3,4,56,1362
3-8-2000,5,3,53,
12-13-2013,8,3,12,2444
28-13-2001,1,6,97,1922
14-3-2013,6,8,5,1686
28-3-2024,8,1,46,1786
17-7-2022,2,5,25,4759
26-11-2016,3,1,93,1033
30-8-2013,6,4,80,2026
24-10-2010,6,3,13,4967
10-3-2006,5,1,80,5001
2-9-2019,4,7,54,2757
24-12-2012,7,9,96,3567
4-2-2011,1,4,44,4509
18-13-2014,1,5,58,4706
,1,1,17,3845
7-9-2001,5,9,20,2230
12-8-2015,8,4,16,627
17-5-2003,3,1,7,264
5-8-2024,7,2,43,3431
14-10-2003,3,8,61,2906
30-7-2022,1,5,26,4544
8-9-2005,6,2,29,80
23-11-2005,5,2,35,83
30-10-2024,7,2,,4588
5-2-2001,8,4,18,3247
6-3-2001,5,1,67,az
12-7-2002,6,4,46,2619
5-8-2001,6,8,,2028
8-6-2018,2,2,101,651
1-9-2006,7,10,48,786
4-12-2010,3,6,9,2413
12-5-2012,1,8,101,1724
11-3-2019,6,10,72,1459
5-2-2009,5,8,75,2598
1-12-2000,5,9,,3626
2-8-2005,7,2,23,3850
12-7-2010,6,8,49,
12-5-2020,4,5,77,2421
26-10-2007,4,8,66,az
16-7-2011,5,4,8,4288
12-5-2022,6,5,89,3730
20-3-2013,4,7,92,2630
5-9-2018,2,1,,1702
14-5-2006,4,5,0,569
21-12-2019,4,7,56,705
25-8-2014,3,2,5,1646
22-3-2005,7,8,96,2704
31-6-2001,4,8,73,1932
15-11-2024,4,5,25,4172
15-11-2024,3,1,20,4847
2-13-2019,7,9,90,2228
23-13-2019,5,7,82,0
27-13-2024,7,3,99,3443
28-11-2020,6,9,23,4563
10-12-2019,2,5,69,1531
28-1-2019,7,6,66,4630
31-12-2000,7,4,26,2770
25-12-2007,3,6,11,4494
31-12-2006,3,3,,2828
26-5-2023,3,1,67,2418
5-13-2006,5,6,0,1427
2-4-2000,1,9,39,2909
26-9-2017,6,6,92,4319
23-5-2017,7,7,8,2063
27-1-2005,4,9,82,0
26-4-2013,8,9,93,1519
16-3-2024,1,3,42,1181
11-10-2011,5,5,75,1293
2-10-2014,5,3,2,2161
19-11-2017,5,2,0,137
15-12-2009,4,7,92,4381
19-10-2008,4,5,0,4939
25-10-2002,7,10,21,2257
25-12-2009,3,10,56,1157
5-1-2016,1,10,65,4303
17-13-2003,4,7,67,481
23-2-2017,4,10,6,1142
31-1-2008,2,1,30,3812
27-8-2000,2,5,57,2617
21-8-2003,1,1,28,3858
31-7-2000,6,5,87,62
28-3-2019,4,1,0,2285
20-13-2006,5,8,6,1119
13-1-2003,3,2,87,1868
24-7-2015,6,3,16,3027
28-2-2012,8,3,20,0
16-11-2015,4,3,48,3557
3-1-2010,6,7,85,2038
29-11-2018,1,5,2,2158
23-6-2024,4,1,61,3020
23-11-2007,6,5,48,2090
19-9-2023,4,8,83,3697
19-5-2009,1,1,34,708
6-13-2012,8,10,29,
12-1-2021,8,2,0,
10-7-2015,4,3,40,3108
30-8-2020,7,1,37,608
17-3-2005,5,6,,712
25-13-2010,7,6,20,
25-6-2004,7,10,7,4142
11-6-2010,7,3,55,3824
22-3-2001,4,3,75,4494
29-6-2001,5,7,24,1245
22-7-2008,2,9,88,2480
29-12-2005,4,5,16,4107
30-6-2005,8,4,0,2021
26-1-2017,3,7,63,0
14-6-2006,8,9,6,854
14-4-2011,5,1,76,az
24-5-2003,6,4,,4875
21-1-2010,3,7,77,0
20-10-2011,5,1,38,2976
18-9-2001,3,8,,1639
27-13-2016,3,1,17,4923
13-1-2005,3,8,99,2511
1-4-2009,5,10,72,959
24-9-2011,3,5,4,255
5-7-2017,8,7,50,4018
31-11-2005,8,7,77,726
20-2-2014,8,5,2,681
4-3-2023,4,5,49,3040
12-13-2015,5,4,100,4765
26-6-2017,2,7,34,1534
2-4-2009,5,7,35,1832
22-10-2011,6,2,39,1897
,5,3,23,2807
8-7-2006,6,9,6,3020
16-11-2017,3,7,,az
27-1-2009,3,4,85,1703
9-7-2001,8,2,61,128
21-11-2010,2,10,53,3025
15-8-2007,2,8,40,1101
9-4-2013,3,1,23,4804
28-8-2011,3,3,100,4981
12-8-2006,1,10,23,941
23-11-2006,8,4,,944
5-11-2009,8,7,76,664
29-7-2016,5,1,85,659
,7,1,5,304
,5,2,45,4060
28-7-2021,6,2,95,2730
25-11-2003,1,5,52,407
24-5-2002,6,4,55,2824
30-3-2013,4,6,9,0
18-2-2020,8,9,35,1362
28-10-2003,7,4,,1657
31-11-2000,1,5,0,1087
31-10-2020,2,5,30,4218
2-4-2015,6,2,36,1436
30-8-2017,7,7,98,908
14-12-2021,1,8,26,892
18-10-2009,8,6,59,2259
14-1-2011,6,2,49,3261
7-11-2022,2,9,0,3763
21-10-2011,1,1,75,4693
21-13-2007,8,10,44,
3-9-2012,3,10,91,2682
,7,3,101,620
18-12-2009,7,3,48,4819
8-12-2004,3,2,10,2580
21-7-2021,7,6,85,0
28-12-2018,4,5,28,0
19-11-2003,6,1,61,4350
22-4-2002,8,1,46,3673
22-7-2021,2,5,26,3745
31-13-2012,8,3,41,2631
21-10-2009,7,10,35,
18-9-2011,4,9,73,3349
9-6-2022,7,3,95,2046
2-6-2011,6,5,50,2058
26-9-2006,2,10,86,1124
19-4-2018,6,3,100,0
11-13-2010,4,7,29,116
10-12-2014,4,4,13,az
22-6-2007,2,9,70,4516
23-8-2017,8,4,3,
21-11-2015,4,5,19,az
14-5-2018,7,10,0,4463
8-11-2021,2,5,59,4102
2-2-2008,4,5,79,4819
26-9-2020,6,7,23,0
22-9-2017,3,7,73,3082
7-3-2000,5,6,13,1620
2-3-2021,5,10,54,3763
10-1-2004,2,3,0,2414
25-5-2020,8,5,0,3121
9-4-2022,7,6,29,526
5-7-2019,1,2,77,920
13-4-2010,2,4,88,395
11-10-2006,4,7,63,2229
14-4-2013,3,9,57,162
18-4-2016,2,4,89,az
10-2-2012,4,8,40,3827
14-3-2022,7,4,76,2616
12-7-2009,5,6,63,1457
17-8-2001,1,9,81,2402
29-10-2004,7,5,64,2220
27-13-2024,2,7,44,4861
2-3-2014,5,3,67,2085
29-7-2009,4,7,67,
9-13-2018,4,7,83,az
6-10-2007,8,4,21,432
7-10-2018,5,5,19,1786
20-8-2011,3,6,29,3655
16-4-2020,2,4,0,3376
,2,4,73,2944
21-10-2011,2,1,15,3229
27-7-2012,6,10,30,3335
7-3-2022,4,5,30,849
2-2-2012,2,2,7,541
25-11-2021,8,6,42,792
3-5-2024,6,7,26,3450
9-4-2003,8,2,68,66
21-13-2003,2,2,81,4860
25-3-2009,8,2,30,1481
24-8-2019,8,9,0,124
20-12-2005,8,4,52,0
4-4-2023,3,7,10,2540
21-5-2023,8,5,3,1609
29-3-2020,4,1,95,3195
31-1-2001,5,10,83,3705
2-7-2010,8,10,65,126
3-9-2023,5,9,95,3783
7-12-2012,2,4,78,822
5-5-2020,7,6,10,544
10-4-2006,1,9,40,2902
5-13-2013,4,8,0,
24-11-2024,1,10,26,708
12-7-2015,2,5,20,4205
20-7-2015,3,5,71,0
31-11-2003,2,9,57,2116
,7,4,5,3317
18-6-2001,1,8,4,3759
2-13-2001,8,3,0,1769
23-13-2007,4,4,49,1790
19-13-2019,6,2,80,2417
22-5-2010,1,3,2,907
16-5-2011,4,10,60,
16-12-2020,8,7,34,az
,7,2,84,203
9-13-2000,7,10,4,4710
13-1-2005,8,8,85,698
18-4-2009,3,9,58,4710
18-9-2022,6,8,64,1297
26-1-2023,6,6,97,2561
5-3-2023,3,9,76,4000
11-1-2018,6,5,96,4565
4-13-2017,7,6,39,4216
31-2-2005,8,2,66,3562
20-5-2021,3,9,48,1240
14-5-2008,6,9,6,1641
14-11-2016,8,9,32,0
4-4-2018,4,7,70,4613
3-4-2005,2,3,83,4095
5-7-2009,2,10,101,3328
11-12-2004,1,8,84,0
10-2-2009,5,5,90,1797
31-11-2010,7,10,73,4053
8-7-2024,3,1,64,3264
10-1-2018,6,9,88,4585
7-4-2008,2,6,42,3165
3-6-2019,2,8,,893
27-4-2019,8,6,57,2193
13-2-2024,2,2,57,1350
19-5-2013,3,3,80,2218
26-8-2006,6,9,79,2782
14-2-2024,2,9,8,2849
20-9-2012,1,3,48,4281
28-9-2007,2,10,14,584
9-13-2014,7,8,79,2590
,8,5,96,1050
28-10-2013,2,6,10,905
30-4-2024,8,5,,637
30-9-2018,5,7,36,3978
24-5-2012,1,3,91,
29-2-2024,8,6,13,3659
19-9-2006,7,7,48,2181
19-7-2023,3,7,65,1288
16-7-2001,5,10,83,434
24-9-2012,2,2,43,114
26-9-2011,4,1,16,az
7-11-2024,3,4,49,470
12-10-2022,3,2,40,3939
3-2-2015,8,1,10,az
26-3-2006,3,6,27,2769
30-9-2007,4,3,5,az
17-2-2024,6,1,16,4890
30-4-2003,5,5,24,0
8-4-2001,3,9,86,3693
26-13-2018,1,8,36,0
13-11-2017,2,7,81,az
5-6-2016,1,8,1,3190
17-5-2022,8,3,51,4585
28-11-2008,1,10,83,3402
25-2-2022,7,10,12,1412
16-13-2007,2,9,25,923
11-5-2003,4,1,11,2386
4-8-2011,1,7,100,4550
3-13-2019,2,1,5,822
19-11-2011,7,8,24,1703
10-13-2004,5,4,93,4070
8-11-2006,5,2,77,0
27-1-2023,4,6,67,3295
18-5-2023,2,6,95,4553
5-10-2019,8,6,30,4354
19-10-2017,5,8,1,
,2,8,93,2653
14-10-2009,4,2,3,738
19-6-2004,8,1,9,3741
25-6-2010,7,4,71,1733
3-12-2011,8,6,81,3421
7-12-2020,5,5,39,4969
12-10-2012,2,9,38,
,1,10,80,862
4-12-2014,2,8,37,2060
28-10-2001,3,6,41,867
18-13-2011,1,6,1,315
20-12-2007,4,4,99,3323
30-11-2008,8,7,9,162
6-13-2001,3,4,88,2041
22-12-2014,8,5,88,2730
16-7-2022,2,8,29,2623
10-5-2011,2,2,,4755
17-8-2007,5,5,69,3056
4-12-2012,6,8,10,3737
16-7-2000,7,2,75,3465
27-3-2010,6,3,40,4027
31-4-2019,3,9,37,893
2-12-2009,1,2,39,3236
5-2-2000,4,5,9,502
8-11-2024,3,1,,3074
22-13-2021,8,5,64,3161
17-11-2006,6,2,65,2461
1-7-2020,3,4,83,2862
17-9-2012,7,4,3,3959
22-4-2020,4,10,85,2323
2-2-2006,3,7,63,4265
24-2-2012,5,2,74,2739
6-11-2013,5,3,40,4790
5-4-2021,3,5,17,563
4-9-2011,1,3,9,2700
13-9-2011,7,1,25,3975
14-13-2021,4,4,94,az
23-13-2022,6,10,90,az
7-13-2023,6,7,58,447
17-8-2001,1,8,33,2796
17-8-2006,7,1,86,2363
5-2-2003,7,1,0,
8-10-2015,5,5,84,3014
30-4-2000,3,7,,2012
14-13-2011,2,1,10,4460
24-13-2013,8,7,29,az
10-9-2018,1,8,23,2655
7-3-2014,4,6,21,3687
6-11-2007,5,3,88,846
13-1-2016,6,2,65,0
24-2-2013,7,2,1,3982
15-6-2011,3,8,2,1643
7-7-2019,6,2,54,4483
12-4-2008,4,10,33,3896
16-7-2015,8,5,71,4195
10-9-2024,8,1,11,1776
22-4-2000,4,2,66,1433
20-13-2020,4,6,56,3211
26-8-2023,5,2,18,3331
21-12-2018,7,9,87,4757
1-6-2007,4,7,93,3627
23-5-2016,2,7,88,1287
15-13-2014,4,5,64,1476
14-1-2001,4,2,5,1179
14-1-2014,3,5,0,3892
22-9-2002,5,8,,2190
10-5-2019,4,1,6,3680
9-11-2003,7,8,74,1872
3-13-2016,7,3,0,0
27-7-2009,8,3,31,az
20-9-2009,7,2,86,
10-7-2022,8,10,83,3864
10-10-2006,4,6,53,2800
27-3-2002,6,10,,1221
24-9-2014,7,8,58,1162
12-5-2015,1,6,96,1434
28-6-2013,1,5,57,2181
27-8-2005,1,9,,2220
25-6-2004,8,1,55,0
16-4-2006,8,1,31,4019
18-6-2021,5,6,31,3690
24-2-2024,6,6,9,3240
8-5-2012,3,1,85,4149
16-3-2003,2,6,100,3245
10-3-2003,1,2,90,2933
8-12-2023,7,8,24,2912
10-13-2019,1,4,47,1474
1-12-2008,3,7,84,4277
12-11-2019,8,4,,1241
9-4-2006,5,1,55,1035
25-11-2019,5,9,,az
24-2-2008,2,6,84,
16-5-2018,7,4,38,1424
17-6-2003,4,4,33,2718
20-5-2013,7,7,0,2123
4-1-2012,5,1,40,959
,1,9,10,2108
13-9-2006,5,2,10,1454
31-6-2010,1,6,6,246
31-13-2009,6,1,67,2960
4-10-2006,8,6,80,485
23-12-2003,4,6,14,3054
30-3-2021,3,7,6,2626
6-3-2001,3,10,80,357
11-4-2010,2,9,18,286
8-6-2009,7,6,85,1465
18-8-2008,4,6,37,3530
13-8-2005,3,7,0,4043
16-9-2013,2,3,54,2148
15-3-2004,6,6,,4307
8-6-2023,2,6,89,2154
10-9-2011,4,4,0,968
28-10-2007,6,1,66,2271
15-9-2008,8,4,15,2995
4-10-2004,2,3,2,4153
6-7-2007,5,6,3,4349
